hcpcs_description,volumes,total_payments,average_payment
Functional MRI scan of brain,23,4737.27,205.9682609
Functional MRI scan of brain with physician or psychologist administration of neurofunctional testing,11,1132.62,102.9654546
MRI guidance for destruction of tissue,393,74809.18,190.3541476
MRI of blood flow of heart,5757,85588.46,14.86685079
MRI of heart,689,65976.38,95.75671988
MRI of heart before and after contrast,15197,1905677.72,125.3982839
MRI of heart before and after contrast with stress imaging,1570,297854.03,189.7159427
MRI of heart with stress imaging,75,7917.03,105.5604
MRI scan,371,33654.35,90.71253369
"MRI scan bones of the eye, face, and/or neck",1669,254985,152.777112
"MRI scan bones of the eye, face, and/or neck before and after contrast",25991,5232390.34,201.3154684
"MRI scan bones of the eye, face, and/or neck with contrast",19,1157,60.89473684
MRI scan brain,1085028.3,84120375.34,77.52827769
MRI scan of abdomen,60325,5241064.19,86.8804673
MRI scan of abdomen before and after contrast,237033,42055664.28,177.4253555
MRI scan of abdomen with contrast,974,145358.65,149.2388604
MRI scan of arm,13334,2055669.51,154.1675049
MRI scan of arm before and after contrast,1228,321604.33,261.8927769
MRI scan of arm joint,471314.1,49238968.53,104.4716645
MRI scan of arm joint before and after contrast,2120,482744.93,227.7098726
MRI scan of arm joint with contrast,9696,1498420.17,154.540034
MRI scan of blood vessels of abdomen,3346,609636.75,182.1986701
MRI scan of blood vessels of chest,3626,422719.21,116.5800359
MRI scan of bone marrow,1544,90584.32,58.66860104
MRI scan of both breasts with contrast,58076,12523509.81,215.6400202
MRI scan of brain before and after contrast,992430.1,129596985.1,130.5855043
MRI scan of brain with contrast,7575,647668.96,85.50085281
MRI scan of chest,1240,85193.97,68.70481452
MRI scan of chest before and after contrast,576,94837.38,164.6482292
MRI scan of jaw joints,254,43832.2,172.5677165
MRI scan of leg,90232.1,12756721.19,141.3767516
MRI scan of leg before and after contrast,22428,2980821.4,132.9062511
MRI scan of leg joint,705721.1,74097657.19,104.9956664
MRI scan of leg joint before and after contrast,5308,856994.29,161.4533327
MRI scan of leg joint with contrast,866,160916.25,185.8155312
MRI scan of leg with contrast,110,5287.12,48.06472727
MRI scan of lower spinal canal,1430104.4,134223519.4,93.85574885
MRI scan of lower spinal canal before and after contrast,216900,29357020.3,135.3481803
MRI scan of lower spinal canal with contrast,495,39800.91,80.40587879
MRI scan of middle spinal canal,151729,13154608.83,86.69805265
MRI scan of middle spinal canal before and after contrast,43286,4943446.52,114.2042813
MRI scan of middle spinal canal with contrast,145,16598.21,114.4704138
MRI scan of one breast with contrast,161,43337.44,269.176646
MRI scan of pelvis,34556,5058722.11,146.3920046
MRI scan of pelvis before and after contrast,99668,19592337.3,196.5760053
MRI scan of pelvis with contrast,397,65748.18,165.6125441
MRI scan of upper spinal canal,580564.4,54703761.64,94.22513961
MRI scan of upper spinal canal before and after contrast,68356,8657078.19,126.6469394
MRI scan of upper spinal canal with contrast,405,35604.97,87.91350617
Radiological supervision and interpretation of MRI guidance for insertion of needle,1764,295338.61,167.4255159
